-- MySQL dump 10.13  Distrib 8.0.38, for Win64 (x86_64)
--
-- Host: localhost    Database: ecommerce_practice
-- ------------------------------------------------------
-- Server version	8.0.39

/*!40101 SET @OLD_CHARACTER_SET_CLIENT=@@CHARACTER_SET_CLIENT */;
/*!40101 SET @OLD_CHARACTER_SET_RESULTS=@@CHARACTER_SET_RESULTS */;
/*!40101 SET @OLD_COLLATION_CONNECTION=@@COLLATION_CONNECTION */;
/*!50503 SET NAMES utf8 */;
/*!40103 SET @OLD_TIME_ZONE=@@TIME_ZONE */;
/*!40103 SET TIME_ZONE='+00:00' */;
/*!40014 SET @OLD_UNIQUE_CHECKS=@@UNIQUE_CHECKS, UNIQUE_CHECKS=0 */;
/*!40014 SET @OLD_FOREIGN_KEY_CHECKS=@@FOREIGN_KEY_CHECKS, FOREIGN_KEY_CHECKS=0 */;
/*!40101 SET @OLD_SQL_MODE=@@SQL_MODE, SQL_MODE='NO_AUTO_VALUE_ON_ZERO' */;
/*!40111 SET @OLD_SQL_NOTES=@@SQL_NOTES, SQL_NOTES=0 */;

--
-- Table structure for table `customers`
--

DROP TABLE IF EXISTS `customers`;
/*!40101 SET @saved_cs_client     = @@character_set_client */;
/*!50503 SET character_set_client = utf8mb4 */;
CREATE TABLE `customers` (
  `customer_id` int NOT NULL,
  `full_name` varchar(100) DEFAULT NULL,
  `email` varchar(150) DEFAULT NULL,
  `country` char(2) DEFAULT NULL,
  `signup_date` date DEFAULT NULL,
  PRIMARY KEY (`customer_id`)
) ENGINE=InnoDB DEFAULT CHARSET=utf8mb4 COLLATE=utf8mb4_0900_ai_ci;
/*!40101 SET character_set_client = @saved_cs_client */;

--
-- Dumping data for table `customers`
--

LOCK TABLES `customers` WRITE;
/*!40000 ALTER TABLE `customers` DISABLE KEYS */;
INSERT INTO `customers` VALUES (1,'Mia Thomas','mia.thomas26@gmail.com','AU','2021-08-24'),(2,'Eve Williams','eve.williams33@gmail.com','IN','2022-06-28'),(3,'Carol Hall','carol.hall63@yahoo.com','BR','2023-01-10'),(4,'Sam Miller','sam.miller48@gmail.com','AU','2023-06-02'),(5,'Eve White','eve.white85@yahoo.com','FR','2022-08-04'),(6,'Carol Martin','carol.martin87@gmail.com','FR','2022-04-26'),(7,'Mia Johnson','mia.johnson35@gmail.com','AU','2022-03-12'),(8,'Leo Lee','leo.lee11@yahoo.com','BR','2021-07-22'),(9,'Olivia Johnson','olivia.johnson46@yahoo.com','CA','2023-01-03'),(10,'Xander White','xander.white77@gmail.com','IN','2021-07-01'),(11,'Victor Garcia','victor.garcia5@yahoo.com','ZA','2021-06-25'),(12,'Victor Jackson','victor.jackson11@gmail.com','GB','2022-10-10'),(13,'Eve Moore','eve.moore80@yahoo.com','CA','2021-12-04'),(14,'Quinn Thomas','quinn.thomas26@gmail.com','AU','2021-02-26'),(15,'Olivia Wilson','olivia.wilson70@yahoo.com','CA','2023-02-22'),(16,'Leo Harris','leo.harris8@yahoo.com','BR','2023-06-04'),(17,'Yara Jones','yara.jones78@gmail.com','GB','2021-05-08'),(18,'David Jones','david.jones38@yahoo.com','NG','2021-07-01'),(19,'Eve Miller','eve.miller72@yahoo.com','AU','2022-05-27'),(20,'Bella Wilson','bella.wilson16@gmail.com','CA','2022-01-06'),(21,'Victor Williams','victor.williams65@yahoo.com','US','2022-08-23'),(22,'Karen Miller','karen.miller49@yahoo.com','NG','2023-04-23'),(23,'Mia Jackson','mia.jackson48@gmail.com','US','2021-07-05'),(24,'Diana Anderson','diana.anderson93@gmail.com','ZA','2023-03-01'),(25,'Hank Moore','hank.moore84@yahoo.com','DE','2023-01-08'),(26,'David Taylor','david.taylor28@gmail.com','AU','2022-12-30'),(27,'Mia Moore','mia.moore57@gmail.com','ZA','2021-03-24'),(28,'Nathan Wilson','nathan.wilson9@gmail.com','FR','2022-12-03'),(29,'Zoe Harris','zoe.harris69@yahoo.com','NG','2021-09-20'),(30,'Chris Moore','chris.moore53@gmail.com','BR','2023-04-27'),(31,'Frank Moore','frank.moore49@gmail.com','BR','2022-09-11'),(32,'Victor White','victor.white25@yahoo.com','FR','2021-07-22'),(33,'Alice Anderson','alice.anderson89@yahoo.com','AU','2023-05-21'),(34,'Chris Garcia','chris.garcia82@yahoo.com','AU','2022-03-03'),(35,'Nathan Anderson','nathan.anderson85@yahoo.com','IN','2021-04-26'),(36,'Rachel Miller','rachel.miller1@gmail.com','CA','2022-11-20'),(37,'Quinn White','quinn.white27@yahoo.com','NG','2023-05-22'),(38,'Olivia Lee','olivia.lee68@gmail.com','BR','2023-02-26'),(39,'Yara Moore','yara.moore26@gmail.com','DE','2021-04-18'),(40,'Carol Walker','carol.walker5@gmail.com','DE','2022-03-03'),(41,'Leo Lee','leo.lee81@gmail.com','BR','2022-08-26'),(42,'Jack Miller','jack.miller97@yahoo.com','NG','2023-06-04'),(43,'Mia Garcia','mia.garcia34@yahoo.com','CA','2021-05-12'),(44,'Chris White','chris.white89@gmail.com','IN','2022-03-05'),(45,'Wendy Garcia','wendy.garcia47@yahoo.com','ZA','2021-10-08'),(46,'Sam Thomas','sam.thomas24@gmail.com','BR','2022-05-06'),(47,'Chris Harris','chris.harris86@yahoo.com','IN','2021-03-18'),(48,'Hank White','hank.white67@yahoo.com','ZA','2021-12-04'),(49,'Carol Taylor','carol.taylor84@gmail.com','IN','2022-08-07'),(50,'Iris Smith','iris.smith75@yahoo.com','CA','2021-09-25'),(51,'Eve Walker','eve.walker7@yahoo.com','FR','2021-02-18'),(52,'Quinn Davis','quinn.davis72@gmail.com','ZA','2021-06-12'),(53,'Bob Jackson','bob.jackson30@gmail.com','ZA','2021-04-30'),(54,'Frank Wilson','frank.wilson36@gmail.com','IN','2021-03-14'),(55,'Diana Miller','diana.miller72@yahoo.com','IN','2021-12-29'),(56,'Carol Brown','carol.brown93@yahoo.com','CA','2021-05-21'),(57,'Rachel Williams','rachel.williams5@gmail.com','NG','2022-10-25'),(58,'Frank Anderson','frank.anderson92@yahoo.com','BR','2022-09-15'),(59,'Frank Taylor','frank.taylor99@yahoo.com','NG','2021-12-17'),(60,'Grace Moore','grace.moore23@gmail.com','ZA','2021-05-31'),(61,'Uma Martin','uma.martin94@gmail.com','NG','2021-08-25'),(62,'Diana Brown','diana.brown31@gmail.com','BR','2023-01-21'),(63,'Bella Williams','bella.williams21@gmail.com','CA','2023-05-09'),(64,'Yara White','yara.white48@yahoo.com','US','2022-08-27'),(65,'Sam Thomas','sam.thomas3@yahoo.com','CA','2021-06-12'),(66,'Alice Moore','alice.moore72@yahoo.com','ZA','2021-05-07'),(67,'Nathan Williams','nathan.williams6@yahoo.com','FR','2022-09-14'),(68,'Bella Taylor','bella.taylor85@yahoo.com','US','2023-04-29'),(69,'Mia Wilson','mia.wilson79@yahoo.com','US','2021-06-04'),(70,'Yara Moore','yara.moore95@yahoo.com','AU','2022-06-09'),(71,'Frank Martin','frank.martin53@gmail.com','AU','2021-08-06'),(72,'Uma Wilson','uma.wilson21@gmail.com','NG','2021-04-07'),(73,'Alice Walker','alice.walker4@gmail.com','CA','2021-05-15'),(74,'Uma Moore','uma.moore8@gmail.com','CA','2021-09-18'),(75,'Sam Jackson','sam.jackson20@yahoo.com','US','2022-10-22'),(76,'Quinn Thomas','quinn.thomas58@yahoo.com','AU','2022-08-26'),(77,'Karen Jackson','karen.jackson17@yahoo.com','GB','2022-09-19'),(78,'Leo Martin','leo.martin21@yahoo.com','ZA','2022-08-10'),(79,'Grace Brown','grace.brown56@gmail.com','CA','2023-03-31'),(80,'Eve Harris','eve.harris95@gmail.com','DE','2021-06-26'),(81,'Frank Martin','frank.martin87@gmail.com','IN','2023-06-11'),(82,'Carol Davis','carol.davis31@gmail.com','NG','2022-12-05'),(83,'Mia Martin','mia.martin72@yahoo.com','FR','2021-09-14'),(84,'Yara Walker','yara.walker43@yahoo.com','US','2021-04-10'),(85,'Bob Jackson','bob.jackson8@yahoo.com','DE','2021-02-21'),(86,'Frank Wilson','frank.wilson86@yahoo.com','IN','2022-08-15'),(87,'Jack Miller','jack.miller93@yahoo.com','FR','2021-06-13'),(88,'Mia Jones','mia.jones90@yahoo.com','AU','2021-09-24'),(89,'Olivia Johnson','olivia.johnson4@yahoo.com','BR','2021-05-25'),(90,'Carol Thomas','carol.thomas3@yahoo.com','NG','2021-11-22'),(91,'Hank Lee','hank.lee20@gmail.com','US','2021-01-23'),(92,'Frank Miller','frank.miller29@yahoo.com','GB','2021-09-20'),(93,'Uma Smith','uma.smith56@yahoo.com','GB','2022-03-23'),(94,'Wendy Anderson','wendy.anderson64@yahoo.com','NG','2023-06-17'),(95,'Yara Lee','yara.lee83@yahoo.com','FR','2022-12-31'),(96,'Zoe Brown','zoe.brown35@gmail.com','US','2021-03-07'),(97,'Hank Wilson','hank.wilson42@gmail.com','DE','2021-10-05'),(98,'Tina Hall','tina.hall32@yahoo.com','ZA','2022-11-13'),(99,'Quinn Smith','quinn.smith78@gmail.com','NG','2021-03-21'),(100,'David Smith','david.smith37@yahoo.com','ZA','2023-04-07'),(101,'Nathan Taylor','nathan.taylor66@gmail.com','IN','2022-09-12'),(102,'Diana Brown','diana.brown37@yahoo.com','GB','2021-08-02'),(103,'Sam Wilson','sam.wilson59@gmail.com','BR','2021-12-13'),(104,'Carol Smith','carol.smith7@gmail.com','CA','2022-10-12'),(105,'Bella Jackson','bella.jackson25@yahoo.com','BR','2022-11-10'),(106,'Sam Smith','sam.smith3@yahoo.com','AU','2021-11-25'),(107,'Grace Brown','grace.brown2@gmail.com','DE','2023-05-01'),(108,'Frank Jones','frank.jones89@yahoo.com','NG','2021-07-01'),(109,'David Moore','david.moore24@gmail.com','GB','2022-01-31'),(110,'Carol Wilson','carol.wilson68@yahoo.com','CA','2023-05-20'),(111,'Yara Wilson','yara.wilson94@yahoo.com','BR','2023-02-06'),(112,'Aaron Williams','aaron.williams33@yahoo.com','DE','2021-05-12'),(113,'Tina Harris','tina.harris28@gmail.com','IN','2023-06-02'),(114,'Jack White','jack.white33@gmail.com','CA','2022-10-12'),(115,'Olivia Moore','olivia.moore20@yahoo.com','CA','2022-06-07'),(116,'Zoe Martin','zoe.martin30@gmail.com','IN','2022-09-09'),(117,'Carol Davis','carol.davis72@yahoo.com','BR','2021-05-29'),(118,'Alice Taylor','alice.taylor93@gmail.com','BR','2022-02-14'),(119,'Zoe Williams','zoe.williams2@yahoo.com','ZA','2022-03-12'),(120,'David Williams','david.williams1@yahoo.com','AU','2021-04-01'),(121,'Jack Miller','jack.miller15@yahoo.com','DE','2021-09-22'),(122,'Frank Lee','frank.lee87@gmail.com','BR','2021-04-02'),(123,'David Taylor','david.taylor4@gmail.com','DE','2021-08-12'),(124,'Mia Taylor','mia.taylor65@yahoo.com','DE','2022-10-27'),(125,'Paul Lee','paul.lee79@yahoo.com','CA','2021-12-23'),(126,'Bob Taylor','bob.taylor90@gmail.com','AU','2022-11-21'),(127,'Bella Miller','bella.miller81@gmail.com','ZA','2022-03-11'),(128,'Frank Hall','frank.hall45@gmail.com','IN','2023-01-16'),(129,'Bella Lee','bella.lee40@yahoo.com','BR','2022-09-13'),(130,'Leo Jones','leo.jones17@yahoo.com','IN','2021-03-11'),(131,'Karen Lee','karen.lee38@gmail.com','IN','2021-06-27'),(132,'Karen Brown','karen.brown94@gmail.com','FR','2021-02-03'),(133,'Nathan Miller','nathan.miller82@yahoo.com','GB','2021-06-29'),(134,'Paul Thomas','paul.thomas55@gmail.com','NG','2022-07-12'),(135,'Leo Walker','leo.walker83@gmail.com','DE','2022-01-22'),(136,'David Miller','david.miller46@yahoo.com','GB','2021-09-26'),(137,'Diana Smith','diana.smith48@yahoo.com','AU','2022-08-31'),(138,'Sam Brown','sam.brown78@gmail.com','DE','2021-10-24'),(139,'Nathan Jones','nathan.jones18@gmail.com','CA','2023-05-12'),(140,'Jack Smith','jack.smith71@gmail.com','CA','2021-09-26'),(141,'Hank Jackson','hank.jackson68@gmail.com','DE','2021-09-29'),(142,'Nathan Thomas','nathan.thomas12@gmail.com','US','2021-12-20'),(143,'Chris Harris','chris.harris30@yahoo.com','ZA','2021-03-09'),(144,'Chris Moore','chris.moore31@gmail.com','CA','2021-02-08'),(145,'Olivia Williams','olivia.williams46@gmail.com','FR','2021-05-13'),(146,'Yara Lee','yara.lee6@yahoo.com','AU','2023-04-29'),(147,'Xander Smith','xander.smith58@yahoo.com','ZA','2022-06-22'),(148,'Paul Smith','paul.smith28@gmail.com','AU','2022-09-14'),(149,'Eve Jackson','eve.jackson24@gmail.com','IN','2023-06-01'),(150,'Olivia Moore','olivia.moore78@yahoo.com','US','2023-05-02');
/*!40000 ALTER TABLE `customers` ENABLE KEYS */;
UNLOCK TABLES;

--
-- Table structure for table `order_items`
--

DROP TABLE IF EXISTS `order_items`;
/*!40101 SET @saved_cs_client     = @@character_set_client */;
/*!50503 SET character_set_client = utf8mb4 */;
CREATE TABLE `order_items` (
  `item_id` int NOT NULL,
  `order_id` int DEFAULT NULL,
  `product_id` int DEFAULT NULL,
  `quantity` int DEFAULT NULL,
  `unit_price` decimal(10,2) DEFAULT NULL,
  `discount_pct` int DEFAULT NULL,
  PRIMARY KEY (`item_id`)
) ENGINE=InnoDB DEFAULT CHARSET=utf8mb4 COLLATE=utf8mb4_0900_ai_ci;
/*!40101 SET character_set_client = @saved_cs_client */;

--
-- Dumping data for table `order_items`
--

LOCK TABLES `order_items` WRITE;
/*!40000 ALTER TABLE `order_items` DISABLE KEYS */;
INSERT INTO `order_items` VALUES (1,1,19,2,21.99,0),(2,2,19,5,21.99,0),(3,3,9,1,59.49,15),(4,3,12,2,212.49,15),(5,3,8,2,23.74,5),(6,4,19,3,20.89,5),(7,4,12,5,224.99,10),(8,5,20,1,56.99,5),(9,5,4,4,34.99,0),(10,6,5,3,49.99,0),(11,6,1,1,149.99,0),(12,6,14,3,29.99,0),(13,7,10,2,35.99,10),(14,8,19,4,21.99,0),(15,8,12,5,249.99,0),(16,8,6,1,18.99,5),(17,8,4,4,34.99,0),(18,9,3,1,79.99,0),(19,9,16,4,58.49,10),(20,10,17,5,49.49,10),(21,10,10,4,37.99,5),(22,10,20,3,56.99,5),(23,11,4,4,31.49,10),(24,11,5,5,49.99,0),(25,12,17,3,54.99,0),(26,12,8,4,21.24,15),(27,13,10,5,37.99,5),(28,13,8,4,24.99,0),(29,14,9,2,69.99,0),(30,15,4,2,33.24,5),(31,15,6,4,16.99,15),(32,15,13,5,18.99,0),(33,15,20,1,53.99,10),(34,16,16,2,64.99,0),(35,16,3,1,71.99,10),(36,17,5,3,42.49,15),(37,17,9,5,69.99,0),(38,18,16,5,64.99,0),(39,19,15,2,25.19,10),(40,19,5,2,49.99,0),(41,19,16,5,61.74,5),(42,20,16,5,64.99,0),(43,21,8,3,21.24,15),(44,21,16,5,58.49,10),(45,22,18,1,31.34,5),(46,22,8,2,21.24,15),(47,22,14,1,26.99,10),(48,23,2,1,89.99,0),(49,23,1,4,149.99,0),(50,24,20,1,59.99,0),(51,24,15,1,26.59,5),(52,24,3,5,71.99,10),(53,24,18,5,32.99,0),(54,25,16,4,58.49,10),(55,25,10,3,33.99,15),(56,25,11,5,85.49,5),(57,26,10,5,39.99,0),(58,26,2,4,80.99,10),(59,26,19,1,18.69,15),(60,26,18,4,28.04,15),(61,27,7,5,38.24,15),(62,27,1,5,149.99,0),(63,28,14,1,26.99,10),(64,28,18,5,32.99,0),(65,29,12,2,249.99,0),(66,29,16,2,64.99,0),(67,29,4,3,34.99,0),(68,30,12,5,212.49,15),(69,30,18,5,32.99,0),(70,30,10,4,33.99,15),(71,30,20,1,56.99,5),(72,31,6,2,19.99,0),(73,31,3,4,79.99,0),(74,31,5,5,49.99,0),(75,32,13,2,16.14,15),(76,32,16,1,55.24,15),(77,32,4,1,29.74,15),(78,33,20,2,59.99,0),(79,33,12,5,249.99,0),(80,33,7,3,38.24,15),(81,33,19,3,18.69,15),(82,34,14,5,26.99,10),(83,34,6,2,16.99,15),(84,35,18,1,32.99,0),(85,35,2,3,89.99,0),(86,35,7,2,44.99,0),(87,35,14,1,29.99,0),(88,36,15,3,27.99,0),(89,37,6,5,17.99,10),(90,37,2,5,89.99,0),(91,37,4,4,34.99,0),(92,37,20,1,59.99,0),(93,38,19,1,19.79,10),(94,38,1,4,149.99,0),(95,38,13,3,18.99,0),(96,39,4,1,34.99,0),(97,40,3,4,75.99,5),(98,40,15,2,27.99,0),(99,41,15,1,26.59,5),(100,41,6,1,16.99,15),(101,42,10,2,35.99,10),(102,43,19,3,19.79,10),(103,43,8,4,22.49,10),(104,43,3,2,67.99,15),(105,44,18,1,28.04,15),(106,44,7,1,44.99,0),(107,44,10,4,33.99,15),(108,45,1,3,127.49,15),(109,45,20,4,53.99,10),(110,45,3,1,79.99,0),(111,45,6,5,19.99,0),(112,46,1,5,134.99,10),(113,46,6,4,17.99,10),(114,47,15,4,27.99,0),(115,47,7,3,44.99,0),(116,48,6,4,17.99,10),(117,48,2,3,76.49,15),(118,48,9,2,66.49,5),(119,49,15,2,26.59,5),(120,50,3,4,75.99,5),(121,50,11,4,89.99,0),(122,51,15,2,27.99,0),(123,52,12,5,249.99,0),(124,52,18,2,31.34,5),(125,53,18,5,32.99,0),(126,53,7,3,40.49,10),(127,53,1,1,127.49,15),(128,53,2,1,89.99,0),(129,54,17,5,46.74,15),(130,54,14,3,29.99,0),(131,54,1,5,149.99,0),(132,54,4,5,34.99,0),(133,55,3,1,79.99,0),(134,55,19,5,18.69,15),(135,55,11,4,89.99,0),(136,55,17,3,54.99,0),(137,56,13,1,16.14,15),(138,57,5,3,49.99,0),(139,57,19,1,21.99,0),(140,58,1,2,149.99,0),(141,58,2,3,89.99,0),(142,58,18,4,31.34,5),(143,58,14,1,29.99,0),(144,59,10,3,39.99,0),(145,59,7,2,44.99,0),(146,59,8,1,22.49,10),(147,59,3,5,79.99,0),(148,60,7,5,42.74,5),(149,60,9,2,66.49,5),(150,61,7,5,40.49,10),(151,61,19,3,19.79,10),(152,62,16,4,64.99,0),(153,62,11,4,85.49,5),(154,62,17,1,54.99,0),(155,62,1,5,149.99,0),(156,63,16,2,55.24,15),(157,64,10,3,39.99,0),(158,64,2,2,89.99,0),(159,64,17,3,54.99,0),(160,64,4,3,33.24,5),(161,65,18,2,31.34,5),(162,65,10,5,39.99,0),(163,65,19,3,21.99,0),(164,65,12,4,237.49,5),(165,66,13,4,18.99,0),(166,66,11,5,89.99,0),(167,66,6,1,16.99,15),(168,66,3,4,71.99,10),(169,67,11,3,80.99,10),(170,67,20,4,59.99,0),(171,67,14,2,25.49,15),(172,67,10,3,39.99,0),(173,68,4,2,34.99,0),(174,69,19,4,20.89,5),(175,70,14,3,29.99,0),(176,70,13,5,18.04,5),(177,70,15,4,27.99,0),(178,70,9,2,59.49,15),(179,71,20,4,59.99,0),(180,72,20,1,53.99,10),(181,72,17,2,46.74,15),(182,73,10,1,39.99,0),(183,73,14,3,26.99,10),(184,73,2,5,89.99,0),(185,74,14,4,29.99,0),(186,74,7,1,40.49,10),(187,74,8,1,21.24,15),(188,74,11,1,76.49,15),(189,75,5,1,42.49,15),(190,75,13,1,18.99,0),(191,75,9,5,69.99,0),(192,75,18,2,28.04,15),(193,76,6,5,18.99,5),(194,76,14,5,29.99,0),(195,76,13,5,18.04,5),(196,77,7,5,40.49,10),(197,78,8,4,23.74,5),(198,78,10,1,39.99,0),(199,78,1,3,127.49,15),(200,78,15,1,26.59,5),(201,79,15,2,25.19,10),(202,79,19,3,18.69,15),(203,80,20,2,59.99,0),(204,80,17,2,54.99,0),(205,80,10,1,39.99,0),(206,80,7,1,44.99,0),(207,81,19,1,19.79,10),(208,81,5,5,49.99,0),(209,81,11,5,89.99,0),(210,81,4,3,29.74,15),(211,82,5,3,42.49,15),(212,82,17,5,54.99,0),(213,83,4,5,29.74,15),(214,83,13,2,18.04,5),(215,83,9,3,69.99,0),(216,83,1,3,149.99,0),(217,84,4,4,34.99,0),(218,84,9,1,62.99,10),(219,84,10,1,37.99,5),(220,84,5,2,49.99,0),(221,85,7,3,38.24,15),(222,86,7,3,44.99,0),(223,86,3,3,79.99,0),(224,86,10,1,35.99,10),(225,87,6,4,19.99,0),(226,87,20,1,53.99,10),(227,87,16,5,64.99,0),(228,88,19,4,19.79,10),(229,88,6,3,16.99,15),(230,88,13,3,18.04,5),(231,89,3,3,79.99,0),(232,89,19,5,21.99,0),(233,90,2,4,76.49,15),(234,91,19,3,21.99,0),(235,91,2,1,89.99,0),(236,92,14,5,28.49,5),(237,93,12,5,249.99,0),(238,94,15,4,27.99,0),(239,94,17,4,54.99,0),(240,94,12,1,224.99,10),(241,94,11,1,89.99,0),(242,95,15,1,27.99,0),(243,95,5,2,42.49,15),(244,95,10,2,39.99,0),(245,95,12,1,224.99,10),(246,96,15,2,27.99,0),(247,96,12,5,237.49,5),(248,96,20,3,59.99,0),(249,97,8,5,23.74,5),(250,97,18,1,32.99,0),(251,97,13,4,18.04,5),(252,97,20,3,59.99,0),(253,98,7,2,38.24,15),(254,98,10,5,37.99,5),(255,98,16,1,64.99,0),(256,99,2,2,85.49,5),(257,99,20,4,53.99,10),(258,99,4,4,33.24,5),(259,99,7,3,38.24,15),(260,100,16,1,61.74,5),(261,100,1,4,149.99,0),(262,100,13,2,17.09,10),(263,101,19,5,21.99,0),(264,101,2,1,89.99,0),(265,101,11,4,85.49,5),(266,102,7,3,44.99,0),(267,102,19,1,21.99,0),(268,103,4,2,33.24,5),(269,103,20,3,50.99,15),(270,104,19,3,18.69,15),(271,104,17,1,52.24,5),(272,104,4,5,29.74,15),(273,105,4,1,34.99,0),(274,106,10,4,35.99,10),(275,107,8,3,24.99,0),(276,107,4,4,31.49,10),(277,108,3,2,79.99,0),(278,108,4,3,31.49,10),(279,108,2,1,80.99,10),(280,108,9,5,62.99,10),(281,109,11,3,85.49,5),(282,110,12,1,237.49,5),(283,111,13,1,18.99,0),(284,111,12,5,212.49,15),(285,111,10,5,39.99,0),(286,111,9,5,66.49,5),(287,112,12,1,237.49,5),(288,112,16,5,64.99,0),(289,112,3,2,75.99,5),(290,113,18,5,32.99,0),(291,113,12,2,224.99,10),(292,114,4,4,29.74,15),(293,114,9,4,59.49,15),(294,115,12,2,212.49,15),(295,115,2,4,89.99,0),(296,115,17,4,46.74,15),(297,115,16,2,58.49,10),(298,116,5,1,44.99,10),(299,116,16,3,64.99,0),(300,117,9,4,59.49,15),(301,117,17,5,49.49,10),(302,117,3,1,71.99,10),(303,117,7,5,44.99,0),(304,118,13,2,18.99,0),(305,118,5,3,49.99,0),(306,118,8,3,21.24,15),(307,119,10,5,39.99,0),(308,119,6,4,19.99,0),(309,119,15,5,27.99,0),(310,120,15,2,27.99,0),(311,120,9,4,69.99,0),(312,120,3,3,71.99,10),(313,120,1,3,134.99,10),(314,121,10,1,39.99,0),(315,121,9,1,69.99,0),(316,121,15,1,27.99,0),(317,122,9,5,66.49,5),(318,122,19,2,21.99,0),(319,122,12,3,224.99,10),(320,123,12,4,212.49,15),(321,123,19,2,18.69,15),(322,123,20,3,53.99,10),(323,124,10,3,37.99,5),(324,124,20,2,56.99,5),(325,124,9,1,66.49,5),(326,124,3,3,71.99,10),(327,125,7,2,42.74,5),(328,125,14,1,26.99,10),(329,125,9,2,69.99,0),(330,125,10,4,39.99,0),(331,126,12,5,249.99,0),(332,126,2,3,89.99,0),(333,126,17,3,52.24,5),(334,126,13,2,18.99,0),(335,127,6,4,16.99,15),(336,127,1,1,149.99,0),(337,127,17,1,54.99,0),(338,127,19,4,19.79,10),(339,128,14,4,26.99,10),(340,128,10,4,39.99,0),(341,128,15,4,23.79,15),(342,128,7,1,38.24,15),(343,129,13,3,16.14,15),(344,130,20,1,56.99,5),(345,130,13,3,18.99,0),(346,130,6,2,19.99,0),(347,130,15,3,27.99,0),(348,131,6,2,17.99,10),(349,131,14,5,26.99,10),(350,132,16,3,55.24,15),(351,133,17,2,54.99,0),(352,134,9,2,69.99,0),(353,134,6,2,16.99,15),(354,134,20,1,59.99,0),(355,135,14,1,26.99,10),(356,135,10,1,35.99,10),(357,135,9,2,66.49,5),(358,136,17,5,49.49,10),(359,136,3,2,71.99,10),(360,136,2,2,89.99,0),(361,136,7,4,44.99,0),(362,137,17,3,54.99,0),(363,138,9,4,69.99,0),(364,138,6,3,19.99,0),(365,138,14,2,29.99,0),(366,139,11,3,80.99,10),(367,139,2,2,85.49,5),(368,139,17,4,54.99,0),(369,140,10,1,33.99,15),(370,140,8,5,24.99,0),(371,140,12,4,237.49,5),(372,141,16,5,64.99,0),(373,141,5,4,49.99,0),(374,141,15,1,25.19,10),(375,141,19,1,21.99,0),(376,142,9,4,62.99,10),(377,142,10,4,35.99,10),(378,142,6,4,16.99,15),(379,142,3,2,79.99,0),(380,143,5,5,47.49,5),(381,144,5,3,49.99,0),(382,144,20,2,59.99,0),(383,144,6,5,19.99,0),(384,144,11,5,85.49,5),(385,145,18,5,32.99,0),(386,145,12,5,212.49,15),(387,145,10,4,39.99,0),(388,146,4,4,29.74,15),(389,147,1,3,149.99,0),(390,147,11,2,76.49,15),(391,147,8,5,21.24,15),(392,148,6,4,19.99,0),(393,148,16,3,61.74,5),(394,148,4,4,29.74,15),(395,148,10,1,39.99,0),(396,149,12,4,224.99,10),(397,150,1,5,127.49,15),(398,151,10,4,39.99,0),(399,152,8,1,24.99,0),(400,152,7,4,44.99,0),(401,153,3,1,71.99,10),(402,154,7,4,38.24,15),(403,155,12,2,249.99,0),(404,155,3,3,71.99,10),(405,155,20,5,59.99,0),(406,156,13,1,16.14,15),(407,156,16,2,55.24,15),(408,156,2,2,89.99,0),(409,157,12,5,249.99,0),(410,158,18,2,31.34,5),(411,158,8,1,23.74,5),(412,158,16,3,64.99,0),(413,158,9,1,69.99,0),(414,159,2,3,85.49,5),(415,159,15,5,27.99,0),(416,159,6,5,19.99,0),(417,159,10,5,35.99,10),(418,160,12,1,249.99,0),(419,160,16,5,55.24,15),(420,160,1,4,127.49,15),(421,161,10,1,39.99,0),(422,161,16,4,55.24,15),(423,161,7,2,38.24,15),(424,161,13,5,18.99,0),(425,162,2,5,89.99,0),(426,163,13,4,18.99,0),(427,163,18,1,32.99,0),(428,164,9,2,69.99,0),(429,164,1,3,142.49,5),(430,164,4,3,34.99,0),(431,165,15,4,27.99,0),(432,165,6,4,19.99,0),(433,165,18,2,32.99,0),(434,166,14,3,29.99,0),(435,167,18,2,32.99,0),(436,167,12,4,249.99,0),(437,167,8,2,24.99,0),(438,167,13,1,18.99,0),(439,168,15,4,27.99,0),(440,168,8,2,24.99,0),(441,169,6,2,16.99,15),(442,170,5,4,49.99,0),(443,170,7,3,40.49,10),(444,170,17,2,46.74,15),(445,171,4,3,29.74,15),(446,171,19,3,19.79,10),(447,171,17,2,54.99,0),(448,171,18,3,32.99,0),(449,172,3,5,67.99,15),(450,172,8,3,24.99,0),(451,173,13,4,18.99,0),(452,173,16,4,55.24,15),(453,173,6,4,19.99,0),(454,174,8,2,24.99,0),(455,174,2,2,85.49,5),(456,174,14,1,25.49,15),(457,174,5,2,49.99,0),(458,175,10,5,33.99,15),(459,175,4,5,34.99,0),(460,175,16,4,55.24,15),(461,176,15,2,27.99,0),(462,176,5,2,44.99,10),(463,176,4,4,34.99,0),(464,176,17,5,52.24,5),(465,177,18,3,31.34,5),(466,177,9,5,69.99,0),(467,177,12,3,224.99,10),(468,177,11,4,76.49,15),(469,178,10,1,39.99,0),(470,178,12,3,237.49,5),(471,179,15,1,27.99,0),(472,179,2,2,89.99,0),(473,179,14,4,26.99,10),(474,179,7,3,42.74,5),(475,180,7,1,38.24,15),(476,180,8,3,24.99,0),(477,181,16,1,55.24,15),(478,181,11,3,89.99,0),(479,182,10,3,37.99,5),(480,182,11,3,80.99,10),(481,183,3,5,67.99,15),(482,183,14,3,25.49,15),(483,183,4,5,34.99,0),(484,184,15,1,26.59,5),(485,184,5,4,44.99,10),(486,184,20,3,59.99,0),(487,184,7,5,42.74,5),(488,185,16,3,55.24,15),(489,185,11,3,76.49,15),(490,185,20,2,50.99,15),(491,186,13,2,18.04,5),(492,186,8,4,24.99,0),(493,187,8,3,23.74,5),(494,187,19,3,21.99,0),(495,188,4,3,29.74,15),(496,189,9,1,69.99,0),(497,190,3,1,79.99,0),(498,190,17,2,54.99,0),(499,190,5,4,49.99,0),(500,190,8,1,23.74,5),(501,191,12,5,237.49,5),(502,192,3,4,79.99,0),(503,192,7,1,44.99,0),(504,192,19,1,21.99,0),(505,193,9,4,66.49,5),(506,193,16,5,58.49,10),(507,194,16,4,58.49,10),(508,195,16,2,64.99,0),(509,195,15,2,27.99,0),(510,196,9,5,62.99,10),(511,196,11,4,85.49,5),(512,196,8,2,24.99,0),(513,197,19,3,21.99,0),(514,197,1,3,142.49,5),(515,197,10,2,35.99,10),(516,198,7,2,38.24,15),(517,198,11,1,85.49,5),(518,199,18,1,32.99,0),(519,199,8,2,24.99,0),(520,199,10,4,33.99,15),(521,200,20,2,59.99,0),(522,200,11,3,89.99,0),(523,201,18,3,32.99,0),(524,201,20,5,50.99,15),(525,201,8,2,24.99,0),(526,202,15,4,27.99,0),(527,202,14,3,29.99,0),(528,202,18,4,31.34,5),(529,203,11,1,85.49,5),(530,203,6,5,16.99,15),(531,204,11,2,89.99,0),(532,205,9,4,69.99,0),(533,205,20,3,56.99,5),(534,205,7,5,40.49,10),(535,206,15,1,27.99,0),(536,206,5,2,44.99,10),(537,207,19,5,21.99,0),(538,207,5,2,49.99,0),(539,207,7,2,44.99,0),(540,208,18,5,31.34,5),(541,209,14,4,25.49,15),(542,209,2,5,85.49,5),(543,209,15,1,23.79,15),(544,210,15,2,27.99,0),(545,210,4,2,34.99,0),(546,210,9,3,62.99,10),(547,211,1,5,149.99,0),(548,211,12,2,212.49,15),(549,211,7,2,44.99,0),(550,211,5,1,42.49,15),(551,212,4,3,34.99,0),(552,212,9,5,69.99,0),(553,213,8,3,24.99,0),(554,213,4,1,34.99,0),(555,213,10,2,33.99,15),(556,214,7,3,44.99,0),(557,214,9,1,69.99,0),(558,214,4,3,34.99,0),(559,214,12,1,249.99,0),(560,215,13,1,18.99,0),(561,215,9,2,69.99,0),(562,216,9,1,69.99,0),(563,216,16,2,58.49,10),(564,217,8,2,22.49,10),(565,217,18,3,32.99,0),(566,217,11,2,80.99,10),(567,218,10,2,39.99,0),(568,218,18,3,29.69,10),(569,218,7,3,38.24,15),(570,218,15,3,26.59,5),(571,219,14,5,29.99,0),(572,220,15,3,27.99,0),(573,220,18,4,32.99,0),(574,220,2,3,89.99,0),(575,220,1,2,149.99,0),(576,221,7,3,44.99,0),(577,222,8,2,24.99,0),(578,222,17,3,46.74,15),(579,222,11,5,89.99,0),(580,222,6,2,16.99,15),(581,223,18,4,28.04,15),(582,223,13,5,18.04,5),(583,224,19,2,21.99,0),(584,224,20,5,59.99,0),(585,225,19,2,21.99,0),(586,225,7,5,40.49,10),(587,225,2,4,80.99,10),(588,226,10,4,39.99,0),(589,226,4,5,31.49,10),(590,226,15,3,25.19,10),(591,227,1,4,134.99,10),(592,227,15,2,27.99,0),(593,228,18,5,28.04,15),(594,228,3,4,79.99,0),(595,228,11,2,89.99,0),(596,228,13,2,18.99,0),(597,229,4,2,34.99,0),(598,229,9,2,66.49,5),(599,229,14,1,28.49,5),(600,230,1,4,149.99,0),(601,230,4,3,29.74,15),(602,231,20,5,56.99,5),(603,231,5,3,44.99,10),(604,231,19,4,21.99,0),(605,232,9,3,62.99,10),(606,232,3,3,67.99,15),(607,232,10,3,35.99,10),(608,232,1,2,149.99,0),(609,233,9,1,66.49,5),(610,233,12,3,249.99,0),(611,234,12,1,224.99,10),(612,234,18,2,32.99,0),(613,234,13,3,17.09,10),(614,235,12,4,249.99,0),(615,235,7,4,44.99,0),(616,235,1,4,134.99,10),(617,236,10,1,33.99,15),(618,236,18,3,32.99,0),(619,236,4,4,31.49,10),(620,236,9,3,69.99,0),(621,237,5,4,47.49,5),(622,237,10,2,37.99,5),(623,238,15,3,25.19,10),(624,239,20,2,59.99,0),(625,239,3,3,71.99,10),(626,239,5,5,47.49,5),(627,239,10,5,39.99,0),(628,240,16,2,64.99,0),(629,241,2,1,89.99,0),(630,241,8,1,24.99,0),(631,241,11,1,89.99,0),(632,242,12,2,237.49,5),(633,242,11,1,80.99,10),(634,242,7,3,38.24,15),(635,242,16,2,64.99,0),(636,243,9,3,66.49,5),(637,244,19,1,21.99,0),(638,244,8,1,24.99,0),(639,244,6,2,18.99,5),(640,245,9,4,69.99,0),(641,245,11,5,80.99,10),(642,245,6,2,19.99,0),(643,245,5,4,42.49,15),(644,246,2,5,76.49,15),(645,246,10,5,39.99,0),(646,246,7,2,38.24,15),(647,247,14,3,29.99,0),(648,247,6,5,19.99,0),(649,247,1,5,127.49,15),(650,247,4,3,34.99,0),(651,248,6,5,19.99,0),(652,248,7,1,44.99,0),(653,248,14,5,28.49,5),(654,249,5,5,49.99,0),(655,249,10,1,39.99,0),(656,249,8,3,23.74,5),(657,249,7,3,44.99,0),(658,250,14,5,28.49,5),(659,251,1,5,149.99,0),(660,251,6,3,19.99,0),(661,251,9,2,69.99,0),(662,251,4,2,34.99,0),(663,252,3,1,71.99,10),(664,252,12,1,224.99,10),(665,252,18,1,32.99,0),(666,253,11,3,89.99,0),(667,253,7,1,44.99,0),(668,254,6,4,17.99,10),(669,254,16,2,58.49,10),(670,254,4,3,33.24,5),(671,254,3,2,79.99,0),(672,255,7,2,44.99,0),(673,255,13,1,18.99,0),(674,255,20,5,59.99,0),(675,256,18,3,32.99,0),(676,256,4,5,34.99,0),(677,256,1,2,134.99,10),(678,257,20,5,53.99,10),(679,258,12,3,249.99,0),(680,258,2,4,76.49,15),(681,259,17,5,54.99,0),(682,260,9,2,59.49,15),(683,260,18,4,32.99,0),(684,260,15,1,26.59,5),(685,260,11,3,89.99,0),(686,261,18,3,28.04,15),(687,261,7,5,44.99,0),(688,262,8,3,21.24,15),(689,262,1,3,127.49,15),(690,263,1,5,149.99,0),(691,263,16,2,58.49,10),(692,264,18,3,32.99,0),(693,264,15,2,25.19,10),(694,265,15,5,27.99,0),(695,265,14,3,29.99,0),(696,265,7,3,44.99,0),(697,266,20,5,59.99,0),(698,266,10,2,37.99,5),(699,267,6,4,19.99,0),(700,267,20,3,50.99,15),(701,267,4,4,34.99,0),(702,267,7,4,44.99,0),(703,268,12,1,249.99,0),(704,269,8,4,24.99,0),(705,269,20,3,59.99,0),(706,270,6,4,19.99,0),(707,270,10,3,39.99,0),(708,270,8,1,22.49,10),(709,271,10,5,39.99,0),(710,271,3,3,79.99,0),(711,271,18,3,29.69,10),(712,272,6,3,17.99,10),(713,272,9,1,59.49,15),(714,272,4,5,31.49,10),(715,272,8,2,21.24,15),(716,273,11,3,89.99,0),(717,273,13,5,16.14,15),(718,273,14,4,29.99,0),(719,273,15,2,26.59,5),(720,274,15,3,27.99,0),(721,275,7,2,44.99,0),(722,275,18,4,32.99,0),(723,275,16,3,58.49,10),(724,276,18,1,28.04,15),(725,276,7,4,44.99,0),(726,276,10,4,39.99,0),(727,277,14,4,29.99,0),(728,277,5,3,49.99,0),(729,277,11,2,85.49,5),(730,278,17,3,54.99,0),(731,278,15,1,27.99,0),(732,278,6,3,17.99,10),(733,279,18,3,31.34,5),(734,279,19,5,21.99,0),(735,279,7,4,44.99,0),(736,280,4,3,33.24,5),(737,280,17,5,54.99,0),(738,280,3,4,79.99,0),(739,280,10,1,39.99,0),(740,281,6,3,17.99,10),(741,281,11,3,89.99,0),(742,281,16,5,64.99,0),(743,282,6,3,19.99,0),(744,283,3,4,79.99,0),(745,283,16,2,58.49,10),(746,284,15,2,25.19,10),(747,284,9,3,69.99,0),(748,285,11,1,76.49,15),(749,285,9,3,69.99,0),(750,286,4,2,31.49,10),(751,286,10,2,39.99,0),(752,286,12,1,212.49,15),(753,287,17,3,54.99,0),(754,287,1,3,149.99,0),(755,287,3,5,67.99,15),(756,288,15,3,27.99,0),(757,288,20,3,59.99,0),(758,288,16,4,64.99,0),(759,289,3,1,79.99,0),(760,289,13,1,17.09,10),(761,289,9,4,59.49,15),(762,289,12,1,249.99,0),(763,290,10,1,33.99,15),(764,290,3,2,75.99,5),(765,290,8,4,24.99,0),(766,291,10,3,37.99,5),(767,291,13,3,18.99,0),(768,291,9,4,69.99,0),(769,292,13,5,18.99,0),(770,292,17,2,54.99,0),(771,293,9,3,59.49,15),(772,293,4,1,34.99,0),(773,293,3,2,67.99,15),(774,294,16,3,64.99,0),(775,294,13,3,18.99,0),(776,294,9,5,69.99,0),(777,295,16,4,64.99,0),(778,295,5,2,49.99,0),(779,295,14,3,29.99,0),(780,295,18,3,29.69,10),(781,296,17,3,54.99,0),(782,297,5,4,49.99,0),(783,297,17,1,46.74,15),(784,297,2,3,89.99,0),(785,298,1,5,149.99,0),(786,298,6,3,18.99,5),(787,298,16,3,61.74,5),(788,298,12,5,224.99,10),(789,299,5,1,49.99,0),(790,300,20,5,56.99,5),(791,300,12,1,212.49,15),(792,300,1,3,134.99,10),(793,300,17,2,54.99,0),(794,301,20,2,59.99,0),(795,301,5,4,44.99,10),(796,302,20,3,56.99,5),(797,302,4,4,34.99,0),(798,303,14,2,25.49,15),(799,303,13,2,18.99,0),(800,304,7,3,42.74,5),(801,304,11,4,89.99,0),(802,305,2,2,80.99,10),(803,306,9,2,69.99,0),(804,306,13,3,17.09,10),(805,307,12,1,237.49,5),(806,307,7,4,44.99,0),(807,308,2,3,89.99,0),(808,309,8,4,24.99,0),(809,309,2,1,89.99,0),(810,310,5,5,49.99,0),(811,311,12,5,237.49,5),(812,311,15,4,23.79,15),(813,311,10,3,39.99,0),(814,311,9,4,59.49,15),(815,312,10,4,39.99,0),(816,312,8,3,22.49,10),(817,312,9,3,69.99,0),(818,313,8,1,24.99,0),(819,313,11,2,89.99,0),(820,313,4,1,29.74,15),(821,314,17,2,49.49,10),(822,314,5,4,49.99,0),(823,314,7,2,38.24,15),(824,315,13,4,18.99,0),(825,315,1,1,134.99,10),(826,316,11,5,89.99,0),(827,316,2,4,89.99,0),(828,316,12,5,249.99,0),(829,316,20,5,50.99,15),(830,317,5,4,49.99,0),(831,317,1,3,142.49,5),(832,317,14,2,28.49,5),(833,318,16,5,58.49,10),(834,318,6,1,19.99,0),(835,319,2,5,89.99,0),(836,320,17,3,52.24,5),(837,320,20,5,59.99,0),(838,320,12,4,249.99,0),(839,320,3,2,79.99,0),(840,321,3,3,79.99,0),(841,322,9,5,69.99,0),(842,322,6,1,19.99,0),(843,322,16,3,64.99,0),(844,322,8,4,21.24,15),(845,323,6,4,19.99,0),(846,324,11,5,89.99,0),(847,324,15,4,27.99,0),(848,324,16,3,58.49,10),(849,325,4,2,31.49,10),(850,325,17,4,54.99,0),(851,325,19,4,21.99,0),(852,325,5,5,47.49,5),(853,326,18,3,28.04,15),(854,327,8,2,22.49,10),(855,327,4,5,34.99,0),(856,327,12,5,224.99,10),(857,327,15,2,23.79,15),(858,328,5,5,44.99,10),(859,328,20,2,56.99,5),(860,328,16,3,64.99,0),(861,329,8,3,24.99,0),(862,329,17,1,52.24,5),(863,329,1,5,127.49,15),(864,330,5,1,49.99,0),(865,330,15,5,23.79,15),(866,330,20,1,59.99,0),(867,331,18,1,28.04,15),(868,331,3,5,75.99,5),(869,331,2,5,89.99,0),(870,331,7,4,38.24,15),(871,332,3,1,67.99,15),(872,332,9,1,69.99,0),(873,332,7,3,40.49,10),(874,332,5,5,49.99,0),(875,333,2,5,80.99,10),(876,333,16,1,55.24,15),(877,333,12,1,224.99,10),(878,334,11,3,76.49,15),(879,335,7,2,44.99,0),(880,335,16,2,64.99,0),(881,335,2,5,89.99,0),(882,335,1,5,127.49,15),(883,336,2,1,89.99,0),(884,336,11,5,80.99,10),(885,336,7,5,40.49,10),(886,337,9,4,69.99,0),(887,337,8,5,23.74,5),(888,337,12,2,224.99,10),(889,337,20,2,59.99,0),(890,338,1,4,149.99,0),(891,339,5,3,47.49,5),(892,339,14,1,29.99,0),(893,340,6,4,19.99,0),(894,340,20,4,59.99,0),(895,340,5,5,49.99,0),(896,340,3,3,79.99,0),(897,341,8,2,24.99,0),(898,341,14,2,25.49,15),(899,342,12,3,249.99,0),(900,343,2,3,85.49,5),(901,344,9,3,66.49,5),(902,345,6,1,19.99,0),(903,345,15,4,23.79,15),(904,346,10,2,35.99,10),(905,346,9,3,69.99,0),(906,346,1,2,149.99,0),(907,346,20,1,59.99,0),(908,347,15,3,25.19,10),(909,347,4,5,34.99,0),(910,347,8,5,24.99,0),(911,347,6,2,19.99,0),(912,348,12,4,249.99,0),(913,349,13,2,18.99,0),(914,349,2,3,76.49,15),(915,350,8,5,21.24,15),(916,350,2,4,89.99,0),(917,350,5,5,44.99,10),(918,351,20,3,59.99,0),(919,351,16,4,64.99,0),(920,351,14,3,28.49,5),(921,352,11,5,80.99,10),(922,352,20,5,56.99,5),(923,352,6,2,16.99,15),(924,353,8,1,24.99,0),(925,353,14,3,28.49,5),(926,354,20,3,50.99,15),(927,354,9,2,69.99,0),(928,355,1,2,149.99,0),(929,355,14,3,28.49,5),(930,356,8,5,24.99,0),(931,356,6,2,16.99,15),(932,356,14,4,28.49,5),(933,356,1,4,149.99,0),(934,357,2,1,80.99,10),(935,358,20,2,59.99,0),(936,358,3,4,75.99,5),(937,358,13,3,18.99,0),(938,358,8,1,24.99,0),(939,359,3,3,75.99,5),(940,359,1,4,149.99,0),(941,359,15,4,27.99,0),(942,360,12,4,249.99,0),(943,361,5,4,49.99,0),(944,361,10,3,35.99,10),(945,361,7,4,44.99,0),(946,361,20,1,59.99,0),(947,362,12,2,249.99,0),(948,363,1,2,142.49,5),(949,364,7,4,42.74,5),(950,364,18,4,32.99,0),(951,365,4,4,33.24,5),(952,365,16,5,64.99,0),(953,365,19,4,21.99,0),(954,366,13,5,16.14,15),(955,367,11,2,76.49,15),(956,368,8,5,22.49,10),(957,368,11,1,89.99,0),(958,368,3,4,79.99,0),(959,368,4,2,34.99,0),(960,369,4,5,34.99,0),(961,369,17,3,46.74,15),(962,369,9,2,69.99,0),(963,370,9,3,59.49,15),(964,370,12,4,212.49,15),(965,370,13,1,16.14,15),(966,370,16,3,64.99,0),(967,371,17,1,54.99,0),(968,371,1,3,149.99,0),(969,371,16,4,64.99,0),(970,371,9,3,66.49,5),(971,372,19,5,18.69,15),(972,372,13,1,18.04,5),(973,372,16,3,64.99,0),(974,372,8,1,24.99,0),(975,373,7,2,38.24,15),(976,373,3,3,67.99,15),(977,374,14,5,28.49,5),(978,374,15,3,25.19,10),(979,375,8,2,21.24,15),(980,375,18,3,28.04,15),(981,375,6,3,19.99,0),(982,375,16,1,58.49,10),(983,376,20,2,59.99,0),(984,376,3,4,79.99,0),(985,376,13,5,18.04,5),(986,377,8,4,21.24,15),(987,377,18,5,28.04,15),(988,378,19,1,19.79,10),(989,378,16,4,55.24,15),(990,379,3,1,71.99,10),(991,379,12,3,237.49,5),(992,379,5,5,49.99,0),(993,380,3,2,67.99,15),(994,380,9,4,69.99,0),(995,380,4,3,31.49,10),(996,381,17,3,46.74,15),(997,381,12,1,249.99,0),(998,381,9,5,66.49,5),(999,381,19,2,20.89,5),(1000,382,7,2,44.99,0),(1001,382,15,2,27.99,0),(1002,382,4,2,34.99,0),(1003,382,11,5,89.99,0),(1004,383,18,2,31.34,5),(1005,383,8,5,21.24,15),(1006,384,4,1,29.74,15),(1007,384,15,1,25.19,10),(1008,385,8,3,23.74,5),(1009,385,3,2,71.99,10),(1010,385,4,1,34.99,0),(1011,385,16,5,58.49,10),(1012,386,13,5,18.99,0),(1013,386,10,5,39.99,0),(1014,387,4,5,34.99,0),(1015,387,17,3,49.49,10),(1016,388,3,2,71.99,10),(1017,388,15,3,27.99,0),(1018,389,4,5,34.99,0),(1019,389,5,1,42.49,15),(1020,389,6,3,18.99,5),(1021,390,18,1,29.69,10),(1022,390,1,5,149.99,0),(1023,391,16,2,64.99,0),(1024,391,20,1,50.99,15),(1025,391,18,3,32.99,0),(1026,392,3,4,79.99,0),(1027,393,7,2,44.99,0),(1028,394,11,4,89.99,0),(1029,394,10,2,39.99,0),(1030,395,17,2,54.99,0),(1031,395,20,5,50.99,15),(1032,395,4,1,31.49,10),(1033,396,15,2,25.19,10),(1034,397,20,4,56.99,5),(1035,397,13,4,18.04,5),(1036,397,19,3,19.79,10),(1037,397,12,4,224.99,10),(1038,398,14,3,26.99,10),(1039,398,11,5,85.49,5),(1040,399,7,1,40.49,10),(1041,399,10,4,37.99,5),(1042,399,20,5,50.99,15),(1043,399,3,1,79.99,0),(1044,400,3,1,75.99,5),(1045,400,18,4,31.34,5),(1046,401,20,1,56.99,5),(1047,401,11,5,76.49,15),(1048,401,10,3,39.99,0),(1049,402,18,2,32.99,0),(1050,403,11,4,89.99,0),(1051,403,7,4,44.99,0),(1052,403,18,2,31.34,5),(1053,403,20,4,56.99,5),(1054,404,12,1,212.49,15),(1055,404,7,5,40.49,10),(1056,404,16,5,64.99,0),(1057,404,1,4,134.99,10),(1058,405,17,3,54.99,0),(1059,405,19,3,20.89,5),(1060,405,3,1,71.99,10),(1061,406,1,2,134.99,10),(1062,406,4,1,34.99,0),(1063,406,8,4,24.99,0),(1064,406,10,5,33.99,15),(1065,407,11,5,80.99,10),(1066,407,13,4,17.09,10),(1067,407,17,4,52.24,5),(1068,408,2,5,89.99,0),(1069,408,16,2,64.99,0),(1070,408,14,5,29.99,0),(1071,408,5,4,44.99,10),(1072,409,15,1,27.99,0),(1073,409,7,4,44.99,0),(1074,409,14,3,29.99,0),(1075,410,16,2,64.99,0),(1076,410,10,4,33.99,15),(1077,410,14,4,25.49,15),(1078,410,12,4,224.99,10),(1079,411,6,3,16.99,15),(1080,411,11,3,89.99,0),(1081,411,5,3,49.99,0),(1082,412,10,2,39.99,0),(1083,412,14,5,28.49,5),(1084,412,11,1,76.49,15),(1085,413,11,2,89.99,0),(1086,413,3,4,79.99,0),(1087,413,12,4,249.99,0),(1088,413,1,1,134.99,10),(1089,414,9,1,66.49,5),(1090,414,11,3,89.99,0),(1091,414,14,1,29.99,0),(1092,414,20,5,50.99,15),(1093,415,15,3,27.99,0),(1094,415,14,2,25.49,15),(1095,415,6,1,18.99,5),(1096,416,19,3,19.79,10),(1097,416,8,5,21.24,15),(1098,417,18,1,31.34,5),(1099,418,18,1,31.34,5),(1100,418,16,5,64.99,0),(1101,419,17,2,52.24,5),(1102,419,11,3,76.49,15),(1103,419,18,2,32.99,0),(1104,420,2,5,89.99,0),(1105,420,1,3,149.99,0),(1106,420,12,5,249.99,0),(1107,421,17,1,54.99,0),(1108,421,8,1,21.24,15),(1109,421,11,3,89.99,0),(1110,422,19,4,21.99,0),(1111,423,12,3,237.49,5),(1112,424,12,4,237.49,5),(1113,424,11,5,89.99,0),(1114,424,18,4,28.04,15),(1115,424,7,1,44.99,0),(1116,425,3,5,79.99,0),(1117,425,18,5,32.99,0),(1118,425,20,3,59.99,0),(1119,426,13,4,18.99,0),(1120,426,16,5,58.49,10),(1121,427,16,3,58.49,10),(1122,427,2,3,89.99,0),(1123,427,6,3,17.99,10),(1124,428,4,4,33.24,5),(1125,429,12,3,212.49,15),(1126,429,11,2,85.49,5),(1127,430,13,2,18.04,5),(1128,431,19,1,21.99,0),(1129,431,18,2,28.04,15),(1130,431,17,5,52.24,5),(1131,432,18,1,32.99,0),(1132,432,6,5,19.99,0),(1133,433,3,5,67.99,15),(1134,434,8,1,22.49,10),(1135,435,8,1,22.49,10),(1136,435,19,2,18.69,15),(1137,435,14,4,29.99,0),(1138,436,14,3,29.99,0),(1139,436,5,2,49.99,0),(1140,436,20,4,50.99,15),(1141,437,14,1,29.99,0),(1142,437,17,4,46.74,15),(1143,437,4,5,34.99,0),(1144,437,12,3,249.99,0),(1145,438,12,1,224.99,10),(1146,438,16,2,55.24,15),(1147,438,17,1,52.24,5),(1148,438,8,5,23.74,5),(1149,439,16,2,64.99,0),(1150,439,18,3,32.99,0),(1151,439,8,5,21.24,15),(1152,440,14,2,29.99,0),(1153,441,3,5,75.99,5),(1154,441,14,5,25.49,15),(1155,441,20,1,59.99,0),(1156,441,9,1,66.49,5),(1157,442,15,3,27.99,0),(1158,443,13,3,18.99,0),(1159,443,15,1,25.19,10),(1160,443,4,4,34.99,0),(1161,443,10,2,39.99,0),(1162,444,20,3,59.99,0),(1163,445,19,4,19.79,10),(1164,445,17,5,54.99,0),(1165,445,4,3,34.99,0),(1166,445,11,1,80.99,10),(1167,446,12,5,237.49,5),(1168,446,6,2,17.99,10),(1169,446,13,1,18.04,5),(1170,447,11,1,76.49,15),(1171,447,19,3,20.89,5),(1172,447,9,3,69.99,0),(1173,447,5,1,47.49,5),(1174,448,8,2,24.99,0),(1175,448,18,2,29.69,10),(1176,448,20,3,50.99,15),(1177,448,2,1,89.99,0),(1178,449,16,5,61.74,5),(1179,449,10,1,37.99,5),(1180,450,3,5,79.99,0),(1181,450,9,3,66.49,5),(1182,450,18,4,29.69,10),(1183,451,18,1,32.99,0),(1184,451,7,1,44.99,0),(1185,452,8,1,24.99,0),(1186,452,11,5,80.99,10),(1187,453,10,5,39.99,0),(1188,453,13,2,18.04,5),(1189,454,13,4,18.04,5),(1190,454,7,2,44.99,0),(1191,454,11,3,80.99,10),(1192,454,12,4,224.99,10),(1193,455,20,3,56.99,5),(1194,455,4,5,33.24,5),(1195,455,14,1,28.49,5),(1196,455,18,4,32.99,0),(1197,456,17,5,52.24,5),(1198,456,18,5,31.34,5),(1199,456,7,3,44.99,0),(1200,457,13,5,16.14,15),(1201,458,5,3,49.99,0),(1202,458,7,1,44.99,0),(1203,458,14,4,29.99,0),(1204,459,11,3,76.49,15),(1205,459,7,1,38.24,15),(1206,459,5,1,49.99,0),(1207,460,19,1,21.99,0),(1208,460,9,1,69.99,0),(1209,460,20,1,50.99,15),(1210,460,17,5,49.49,10),(1211,461,11,5,89.99,0),(1212,461,17,4,54.99,0),(1213,462,15,4,27.99,0),(1214,462,19,4,21.99,0),(1215,462,1,1,142.49,5),(1216,463,16,3,64.99,0),(1217,464,3,5,75.99,5),(1218,464,13,4,16.14,15),(1219,465,18,2,32.99,0),(1220,465,19,5,21.99,0),(1221,465,20,1,59.99,0),(1222,465,4,1,34.99,0),(1223,466,4,4,33.24,5),(1224,466,10,3,39.99,0),(1225,466,8,4,24.99,0),(1226,467,15,4,27.99,0),(1227,467,16,4,58.49,10),(1228,467,3,3,79.99,0),(1229,467,8,1,24.99,0),(1230,468,10,3,33.99,15),(1231,468,3,4,79.99,0),(1232,469,8,1,24.99,0),(1233,469,16,3,58.49,10),(1234,470,1,5,149.99,0),(1235,471,1,2,149.99,0),(1236,471,6,2,17.99,10),(1237,471,11,2,89.99,0),(1238,471,3,5,67.99,15),(1239,472,5,1,47.49,5),(1240,472,6,3,16.99,15),(1241,472,2,2,89.99,0),(1242,472,4,1,34.99,0),(1243,473,20,2,59.99,0),(1244,473,7,1,44.99,0),(1245,473,3,5,79.99,0),(1246,474,18,3,28.04,15),(1247,475,17,2,46.74,15),(1248,475,6,3,19.99,0),(1249,476,20,1,53.99,10),(1250,476,10,2,35.99,10),(1251,477,5,1,49.99,0),(1252,478,19,5,21.99,0),(1253,479,14,5,29.99,0),(1254,479,1,2,149.99,0),(1255,479,3,5,79.99,0),(1256,480,5,3,47.49,5),(1257,480,20,1,53.99,10),(1258,480,19,2,18.69,15),(1259,480,6,2,19.99,0),(1260,481,19,2,18.69,15),(1261,482,4,2,34.99,0),(1262,482,19,1,21.99,0),(1263,482,14,3,28.49,5),(1264,483,12,1,237.49,5),(1265,483,14,5,28.49,5),(1266,484,16,5,64.99,0),(1267,484,8,4,21.24,15),(1268,484,20,1,53.99,10),(1269,485,19,2,19.79,10),(1270,486,19,5,21.99,0),(1271,487,14,5,29.99,0),(1272,488,19,1,21.99,0),(1273,488,20,3,59.99,0),(1274,488,17,2,54.99,0),(1275,488,16,4,61.74,5),(1276,489,8,1,24.99,0),(1277,489,9,1,69.99,0),(1278,489,4,1,31.49,10),(1279,490,2,4,89.99,0),(1280,490,19,3,21.99,0),(1281,490,12,3,249.99,0),(1282,491,3,1,79.99,0),(1283,491,19,4,19.79,10),(1284,491,16,1,64.99,0),(1285,492,9,2,69.99,0),(1286,492,17,1,49.49,10),(1287,492,11,1,89.99,0),(1288,492,13,3,18.99,0),(1289,493,19,4,21.99,0),(1290,493,7,4,44.99,0),(1291,494,16,3,64.99,0),(1292,495,14,2,29.99,0),(1293,495,15,3,23.79,15),(1294,496,16,5,55.24,15),(1295,496,4,3,33.24,5),(1296,496,20,2,56.99,5),(1297,497,4,3,31.49,10),(1298,497,1,5,149.99,0),(1299,497,17,2,46.74,15),(1300,497,2,3,76.49,15),(1301,498,5,1,49.99,0),(1302,498,3,4,79.99,0),(1303,498,14,3,29.99,0),(1304,499,1,3,149.99,0),(1305,499,3,1,71.99,10),(1306,499,14,5,25.49,15),(1307,500,15,1,27.99,0);
/*!40000 ALTER TABLE `order_items` ENABLE KEYS */;
UNLOCK TABLES;

--
-- Table structure for table `orders`
--

DROP TABLE IF EXISTS `orders`;
/*!40101 SET @saved_cs_client     = @@character_set_client */;
/*!50503 SET character_set_client = utf8mb4 */;
CREATE TABLE `orders` (
  `order_id` int NOT NULL,
  `customer_id` int DEFAULT NULL,
  `order_date` date DEFAULT NULL,
  `status` varchar(20) DEFAULT NULL,
  `total_amount` decimal(10,2) DEFAULT NULL,
  PRIMARY KEY (`order_id`)
) ENGINE=InnoDB DEFAULT CHARSET=utf8mb4 COLLATE=utf8mb4_0900_ai_ci;
/*!40101 SET character_set_client = @saved_cs_client */;

--
-- Dumping data for table `orders`
--

LOCK TABLES `orders` WRITE;
/*!40000 ALTER TABLE `orders` DISABLE KEYS */;
INSERT INTO `orders` VALUES (1,78,'2022-02-27','completed',43.98),(2,64,'2023-08-07','cancelled',109.95),(3,96,'2024-02-17','refunded',531.95),(4,35,'2022-10-19','shipped',1187.62),(5,39,'2023-12-09','completed',196.95),(6,85,'2023-08-13','shipped',389.93),(7,138,'2024-05-11','completed',71.98),(8,107,'2023-11-24','pending',1496.86),(9,46,'2023-06-09','pending',313.95),(10,123,'2024-05-11','completed',570.38),(11,100,'2023-12-26','cancelled',375.91),(12,67,'2023-09-13','pending',249.93),(13,123,'2022-01-01','completed',289.91),(14,8,'2023-12-21','pending',139.98),(15,60,'2022-06-27','completed',283.38),(16,41,'2023-06-26','completed',201.97),(17,77,'2022-09-19','shipped',477.42),(18,101,'2023-01-03','cancelled',324.95),(19,42,'2022-09-29','shipped',459.06),(20,43,'2022-01-07','completed',324.95),(21,141,'2023-04-20','refunded',356.17),(22,72,'2024-01-24','refunded',100.81),(23,82,'2024-01-20','completed',689.95),(24,84,'2023-08-04','completed',611.48),(25,13,'2023-05-31','cancelled',763.38),(26,143,'2023-11-16','completed',654.76),(27,120,'2022-08-06','completed',941.15),(28,102,'2022-12-05','cancelled',191.94),(29,137,'2022-11-20','shipped',734.93),(30,56,'2023-12-22','completed',1420.35),(31,23,'2022-08-18','completed',609.89),(32,99,'2022-06-10','completed',117.26),(33,105,'2022-08-24','shipped',1540.72),(34,21,'2022-07-08','completed',168.93),(35,15,'2022-03-30','refunded',422.93),(36,98,'2022-08-09','pending',83.97),(37,113,'2022-12-14','completed',739.85),(38,47,'2023-10-31','cancelled',676.72),(39,112,'2022-11-23','pending',34.99),(40,44,'2023-09-30','completed',359.94),(41,124,'2023-08-06','shipped',43.58),(42,35,'2023-05-11','refunded',71.98),(43,119,'2022-07-07','refunded',285.31),(44,133,'2023-05-14','pending',208.99),(45,138,'2023-04-03','refunded',778.37),(46,26,'2023-05-11','completed',746.91),(47,117,'2022-07-17','completed',246.93),(48,89,'2023-05-17','completed',434.41),(49,98,'2023-03-23','shipped',53.18),(50,16,'2024-01-17','completed',663.92),(51,33,'2024-06-17','completed',55.98),(52,141,'2023-03-16','completed',1312.63),(53,29,'2022-05-10','completed',503.90),(54,35,'2022-08-14','pending',1248.57),(55,6,'2022-12-21','completed',698.37),(56,12,'2024-02-25','completed',16.14),(57,10,'2022-07-17','completed',171.96),(58,53,'2022-08-07','completed',725.30),(59,48,'2023-04-18','pending',632.39),(60,122,'2022-12-27','shipped',346.68),(61,89,'2022-12-12','completed',261.82),(62,75,'2022-01-18','refunded',1406.86),(63,27,'2022-06-21','completed',110.48),(64,55,'2024-03-28','cancelled',564.64),(65,73,'2024-03-01','shipped',1278.56),(66,88,'2022-07-10','refunded',830.86),(67,86,'2023-11-01','pending',653.88),(68,123,'2023-10-26','refunded',69.98),(69,4,'2023-04-26','completed',83.56),(70,66,'2023-07-03','completed',411.11),(71,85,'2022-04-21','completed',239.96),(72,109,'2023-12-30','shipped',147.47),(73,1,'2022-06-29','shipped',570.91),(74,92,'2023-01-10','shipped',258.18),(75,70,'2022-11-24','pending',467.51),(76,100,'2022-06-21','completed',335.10),(77,80,'2024-05-05','completed',202.45),(78,23,'2023-11-16','refunded',544.01),(79,19,'2024-03-18','completed',106.45),(80,52,'2022-04-25','shipped',314.94),(81,100,'2024-06-01','shipped',808.91),(82,57,'2024-05-28','completed',402.42),(83,14,'2024-05-07','completed',844.72),(84,142,'2022-09-15','cancelled',340.92),(85,43,'2024-05-12','completed',114.72),(86,88,'2022-11-18','completed',410.93),(87,97,'2022-10-03','refunded',458.90),(88,46,'2022-06-23','completed',184.25),(89,16,'2022-06-08','completed',349.92),(90,79,'2022-12-29','refunded',305.96),(91,38,'2022-03-03','completed',155.96),(92,74,'2023-10-29','shipped',142.45),(93,149,'2022-09-23','completed',1249.95),(94,81,'2022-09-02','completed',646.90),(95,64,'2022-09-17','cancelled',417.94),(96,29,'2024-04-24','completed',1423.40),(97,144,'2022-06-30','completed',403.82),(98,50,'2022-11-21','refunded',331.42),(99,99,'2023-01-04','completed',634.62),(100,60,'2022-08-08','cancelled',695.88),(101,131,'2023-04-10','pending',541.90),(102,107,'2024-06-03','completed',156.96),(103,115,'2022-08-21','pending',219.45),(104,133,'2022-02-08','completed',257.01),(105,88,'2023-04-24','completed',34.99),(106,26,'2023-07-21','completed',143.96),(107,45,'2022-02-02','completed',200.93),(108,70,'2024-06-01','cancelled',650.39),(109,4,'2022-03-14','completed',256.47),(110,44,'2022-01-17','completed',237.49),(111,23,'2022-05-07','completed',1613.84),(112,18,'2022-03-22','completed',714.42),(113,69,'2024-03-27','shipped',614.93),(114,96,'2022-06-28','refunded',356.92),(115,99,'2023-09-06','completed',1088.88),(116,110,'2022-07-04','refunded',239.96),(117,51,'2023-06-09','refunded',782.35),(118,83,'2022-03-20','shipped',251.67),(119,45,'2023-12-07','pending',419.86),(120,79,'2023-09-06','completed',956.88),(121,56,'2023-11-19','completed',137.97),(122,12,'2023-06-12','shipped',1051.40),(123,61,'2023-09-19','refunded',1049.31),(124,29,'2022-10-04','cancelled',510.41),(125,55,'2022-05-07','completed',412.41),(126,42,'2023-05-08','completed',1714.62),(127,47,'2022-07-26','completed',352.10),(128,44,'2023-10-04','cancelled',401.32),(129,20,'2023-08-26','pending',48.42),(130,21,'2024-03-13','completed',237.91),(131,54,'2024-05-03','completed',170.93),(132,113,'2023-11-26','refunded',165.72),(133,70,'2024-02-01','pending',109.98),(134,133,'2023-03-28','completed',233.95),(135,144,'2024-02-29','refunded',195.96),(136,138,'2022-12-19','refunded',751.37),(137,63,'2024-03-22','completed',164.97),(138,35,'2022-03-11','completed',399.91),(139,44,'2023-09-09','completed',633.91),(140,136,'2022-05-09','cancelled',1108.90),(141,75,'2024-03-29','completed',572.09),(142,73,'2023-01-30','completed',623.86),(143,93,'2024-06-18','completed',237.45),(144,19,'2023-09-07','completed',797.35),(145,131,'2024-02-04','pending',1387.36),(146,93,'2022-05-16','completed',118.96),(147,124,'2022-12-24','refunded',709.15),(148,44,'2022-12-18','shipped',424.13),(149,63,'2022-08-03','pending',899.96),(150,72,'2022-08-16','completed',637.45),(151,124,'2023-12-16','completed',159.96),(152,122,'2022-10-12','pending',204.95),(153,118,'2024-06-03','completed',71.99),(154,56,'2023-09-30','pending',152.96),(155,8,'2023-06-19','refunded',1015.90),(156,72,'2022-01-19','shipped',306.60),(157,4,'2024-02-29','cancelled',1249.95),(158,33,'2023-09-29','pending',351.38),(159,144,'2022-04-03','completed',676.32),(160,100,'2024-02-19','completed',1036.15),(161,138,'2023-01-16','completed',432.38),(162,40,'2024-04-27','completed',449.95),(163,132,'2022-04-16','refunded',108.95),(164,27,'2023-09-13','cancelled',672.42),(165,79,'2023-11-12','cancelled',257.90),(166,150,'2024-06-17','refunded',89.97),(167,1,'2023-09-20','completed',1134.91),(168,117,'2023-08-16','shipped',161.94),(169,63,'2022-12-20','shipped',33.98),(170,27,'2023-12-08','completed',414.91),(171,31,'2024-03-20','completed',357.54),(172,63,'2023-12-25','pending',414.92),(173,145,'2022-08-02','completed',376.88),(174,145,'2023-05-04','completed',346.43),(175,80,'2022-08-12','cancelled',565.86),(176,119,'2024-05-08','pending',547.12),(177,15,'2022-06-30','completed',1424.90),(178,23,'2022-03-27','cancelled',752.46),(179,48,'2023-06-30','cancelled',444.15),(180,38,'2022-08-03','cancelled',113.21),(181,77,'2024-04-09','completed',325.21),(182,22,'2022-03-12','shipped',356.94),(183,125,'2022-05-28','completed',591.37),(184,130,'2022-03-21','completed',600.22),(185,103,'2022-09-10','pending',497.17),(186,122,'2022-07-23','shipped',136.04),(187,111,'2023-08-27','shipped',137.19),(188,44,'2023-04-05','completed',89.22),(189,60,'2022-05-26','cancelled',69.99),(190,119,'2023-05-09','pending',413.67),(191,96,'2023-12-13','cancelled',1187.45),(192,90,'2022-03-19','completed',386.94),(193,55,'2023-05-18','completed',558.41),(194,114,'2023-11-26','cancelled',233.96),(195,137,'2022-02-28','completed',185.96),(196,24,'2023-03-29','cancelled',706.89),(197,123,'2022-01-19','completed',565.42),(198,58,'2022-03-19','completed',161.97),(199,137,'2023-10-26','cancelled',218.93),(200,44,'2022-05-24','completed',389.95),(201,81,'2023-01-28','shipped',403.90),(202,17,'2023-08-22','refunded',327.29),(203,9,'2024-02-12','completed',170.44),(204,106,'2023-07-24','cancelled',179.98),(205,35,'2022-01-11','shipped',653.38),(206,138,'2022-11-25','completed',117.97),(207,70,'2023-01-09','completed',299.91),(208,64,'2023-04-29','pending',156.70),(209,118,'2023-01-14','cancelled',553.20),(210,41,'2022-01-29','completed',314.93),(211,150,'2023-06-10','completed',1307.40),(212,134,'2024-02-01','shipped',454.92),(213,129,'2024-04-19','pending',177.94),(214,119,'2022-02-07','completed',559.92),(215,121,'2022-07-10','completed',158.97),(216,74,'2023-10-11','cancelled',186.97),(217,85,'2022-02-07','completed',305.93),(218,69,'2023-08-09','refunded',363.54),(219,146,'2023-08-17','cancelled',149.95),(220,9,'2022-07-26','completed',785.88),(221,128,'2023-06-27','completed',134.97),(222,56,'2022-06-17','refunded',674.13),(223,85,'2022-05-01','refunded',202.36),(224,129,'2022-04-23','refunded',343.93),(225,38,'2022-03-01','completed',570.39),(226,101,'2022-08-23','completed',392.98),(227,66,'2024-01-09','completed',595.94),(228,37,'2022-01-22','pending',678.12),(229,72,'2022-12-22','refunded',231.45),(230,51,'2023-01-27','refunded',689.18),(231,146,'2024-05-30','pending',507.88),(232,25,'2023-06-13','refunded',800.89),(233,14,'2023-11-22','shipped',816.46),(234,59,'2023-10-24','completed',342.24),(235,82,'2022-01-12','completed',1719.88),(236,34,'2023-03-19','completed',468.89),(237,88,'2023-06-18','cancelled',265.94),(238,98,'2024-01-07','shipped',75.57),(239,59,'2024-02-26','completed',773.35),(240,89,'2023-08-15','completed',129.98),(241,37,'2024-02-20','completed',204.97),(242,10,'2023-07-13','shipped',800.67),(243,103,'2022-02-07','shipped',199.47),(244,75,'2022-09-21','completed',84.96),(245,20,'2022-09-08','completed',894.85),(246,74,'2022-04-10','completed',658.88),(247,112,'2023-06-19','completed',932.34),(248,78,'2023-06-01','completed',287.39),(249,119,'2022-08-17','completed',496.13),(250,35,'2024-04-17','shipped',142.45),(251,27,'2022-11-30','pending',1019.88),(252,111,'2022-03-15','completed',329.97),(253,126,'2023-12-10','completed',314.96),(254,89,'2023-10-20','pending',448.64),(255,125,'2024-06-02','completed',408.92),(256,4,'2022-06-15','completed',543.90),(257,18,'2024-06-16','completed',269.95),(258,89,'2023-06-08','refunded',1055.93),(259,135,'2022-08-11','cancelled',274.95),(260,115,'2022-06-30','completed',547.50),(261,128,'2023-09-11','shipped',309.07),(262,80,'2024-04-15','refunded',446.19),(263,32,'2022-01-01','completed',866.93),(264,87,'2023-02-08','pending',149.35),(265,62,'2022-11-04','pending',364.89),(266,24,'2022-05-13','completed',375.93),(267,19,'2022-12-01','shipped',552.85),(268,148,'2024-05-15','completed',249.99),(269,47,'2022-08-21','cancelled',279.93),(270,45,'2022-08-03','completed',222.42),(271,150,'2022-02-17','completed',528.99),(272,84,'2022-01-31','cancelled',313.39),(273,115,'2022-09-22','shipped',523.81),(274,50,'2023-07-04','completed',83.97),(275,108,'2022-09-11','pending',397.41),(276,60,'2024-04-27','completed',367.96),(277,87,'2022-02-25','completed',440.91),(278,22,'2022-03-19','completed',246.93),(279,102,'2022-07-06','completed',383.93),(280,139,'2023-08-02','completed',734.62),(281,64,'2022-12-24','refunded',648.89),(282,149,'2023-02-22','completed',59.97),(283,66,'2023-02-17','completed',436.94),(284,115,'2022-11-12','cancelled',260.35),(285,117,'2024-03-02','pending',286.46),(286,90,'2023-05-18','completed',355.45),(287,125,'2023-12-17','completed',954.89),(288,96,'2022-08-09','cancelled',523.90),(289,68,'2023-03-27','pending',585.03),(290,77,'2024-05-24','pending',285.93),(291,92,'2022-07-27','pending',450.90),(292,45,'2022-10-22','completed',204.93),(293,77,'2022-02-21','pending',349.44),(294,110,'2023-11-21','completed',601.89),(295,115,'2024-06-07','completed',538.98),(296,103,'2022-06-30','cancelled',164.97),(297,25,'2023-04-18','refunded',516.67),(298,60,'2022-02-24','completed',2117.09),(299,144,'2023-05-21','completed',49.99),(300,9,'2022-04-20','completed',1012.39),(301,81,'2023-05-19','completed',299.94),(302,79,'2022-09-05','pending',310.93),(303,85,'2023-08-19','cancelled',88.96),(304,31,'2022-04-10','completed',488.18),(305,118,'2022-06-26','completed',161.98),(306,142,'2022-07-16','completed',191.25),(307,38,'2023-07-22','completed',417.45),(308,89,'2022-06-03','pending',269.97),(309,48,'2024-04-27','completed',189.95),(310,94,'2022-12-13','pending',249.95),(311,30,'2022-03-08','completed',1640.54),(312,136,'2023-01-08','pending',437.40),(313,104,'2024-06-18','completed',234.71),(314,83,'2022-10-23','cancelled',375.42),(315,70,'2023-06-29','completed',210.95),(316,147,'2023-02-18','completed',2314.81),(317,86,'2023-09-24','completed',684.41),(318,128,'2024-05-16','completed',312.44),(319,91,'2022-05-23','completed',449.95),(320,111,'2023-04-23','shipped',1616.61),(321,17,'2023-02-13','completed',239.97),(322,124,'2023-04-30','cancelled',649.87),(323,83,'2023-04-07','cancelled',79.96),(324,49,'2023-08-25','refunded',737.38),(325,67,'2022-05-01','completed',608.35),(326,150,'2023-11-08','completed',84.12),(327,127,'2024-05-25','pending',1392.46),(328,44,'2024-03-28','refunded',533.90),(329,138,'2023-02-01','completed',764.66),(330,4,'2023-09-03','pending',228.93),(331,11,'2022-01-01','completed',1010.90),(332,149,'2022-01-07','completed',509.40),(333,109,'2023-01-21','pending',685.18),(334,84,'2023-11-05','cancelled',229.47),(335,32,'2023-07-05','completed',1307.36),(336,113,'2024-03-18','completed',697.39),(337,110,'2023-04-09','completed',968.62),(338,34,'2023-11-18','completed',599.96),(339,124,'2022-01-01','pending',172.46),(340,10,'2022-03-18','completed',809.84),(341,101,'2022-06-29','completed',100.96),(342,103,'2023-08-11','completed',749.97),(343,83,'2022-08-12','completed',256.47),(344,92,'2023-11-09','pending',199.47),(345,31,'2023-06-13','pending',115.15),(346,5,'2022-03-04','shipped',641.92),(347,36,'2023-01-02','completed',415.45),(348,115,'2023-05-02','completed',999.96),(349,117,'2022-04-10','completed',267.45),(350,14,'2023-02-06','pending',691.11),(351,44,'2024-02-03','completed',525.40),(352,118,'2023-02-06','completed',723.88),(353,90,'2024-05-20','shipped',110.46),(354,7,'2022-06-22','pending',292.95),(355,64,'2023-08-07','cancelled',385.45),(356,15,'2022-02-28','completed',872.85),(357,136,'2023-09-29','shipped',80.99),(358,3,'2022-02-11','completed',505.90),(359,96,'2022-11-06','pending',939.89),(360,45,'2024-02-23','shipped',999.96),(361,19,'2022-04-14','completed',547.88),(362,97,'2023-12-25','pending',499.98),(363,52,'2023-12-01','completed',284.98),(364,72,'2023-05-12','completed',302.92),(365,33,'2023-07-27','completed',545.87),(366,107,'2022-11-07','shipped',80.70),(367,7,'2023-02-08','completed',152.98),(368,138,'2023-01-21','cancelled',592.38),(369,100,'2022-07-13','completed',455.15),(370,35,'2022-10-28','cancelled',1239.54),(371,136,'2023-02-27','completed',964.39),(372,63,'2022-12-25','cancelled',331.45),(373,2,'2022-04-22','pending',280.45),(374,59,'2024-02-03','completed',218.02),(375,101,'2023-09-12','refunded',245.06),(376,130,'2023-03-06','completed',530.14),(377,130,'2024-03-28','pending',225.16),(378,54,'2023-12-21','completed',240.75),(379,30,'2023-11-01','completed',1034.41),(380,9,'2023-06-04','shipped',510.41),(381,3,'2022-11-21','completed',764.44),(382,65,'2023-02-22','completed',665.89),(383,117,'2022-08-10','completed',168.88),(384,47,'2023-03-16','completed',54.93),(385,49,'2023-05-12','shipped',542.64),(386,63,'2023-10-20','cancelled',294.90),(387,94,'2023-05-29','cancelled',323.42),(388,61,'2023-12-07','completed',227.95),(389,35,'2024-03-21','completed',274.41),(390,73,'2023-05-17','pending',779.64),(391,25,'2023-08-22','completed',279.94),(392,68,'2023-10-22','completed',319.96),(393,141,'2024-04-20','completed',89.98),(394,102,'2022-09-10','completed',439.94),(395,118,'2024-05-18','completed',396.42),(396,136,'2023-04-21','completed',50.38),(397,29,'2022-08-23','refunded',1259.45),(398,18,'2024-05-14','cancelled',508.42),(399,53,'2023-08-02','shipped',527.39),(400,92,'2023-04-11','completed',201.35),(401,23,'2024-05-29','completed',559.41),(402,85,'2022-11-28','completed',65.98),(403,115,'2023-04-03','shipped',830.56),(404,60,'2024-01-17','cancelled',1279.85),(405,64,'2023-03-27','cancelled',299.63),(406,99,'2022-04-24','pending',574.88),(407,138,'2022-03-12','completed',682.27),(408,19,'2022-03-09','completed',909.84),(409,83,'2023-12-20','shipped',297.92),(410,89,'2024-06-02','completed',1267.86),(411,88,'2022-03-20','completed',470.91),(412,133,'2022-09-06','completed',298.92),(413,4,'2022-02-12','pending',1634.89),(414,123,'2023-09-07','cancelled',621.40),(415,43,'2023-03-10','refunded',153.94),(416,147,'2022-07-15','pending',165.57),(417,74,'2024-02-23','completed',31.34),(418,14,'2024-04-08','completed',356.29),(419,55,'2024-02-25','refunded',399.93),(420,115,'2024-06-09','shipped',2149.87),(421,5,'2023-10-19','cancelled',346.20),(422,100,'2022-01-26','pending',87.96),(423,96,'2023-12-25','completed',712.47),(424,110,'2023-04-16','completed',1557.06),(425,68,'2023-03-07','shipped',744.87),(426,4,'2022-07-10','pending',368.41),(427,96,'2023-09-27','cancelled',499.41),(428,101,'2022-05-19','completed',132.96),(429,106,'2023-10-10','refunded',808.45),(430,17,'2022-11-19','cancelled',36.08),(431,113,'2024-05-02','completed',339.27),(432,138,'2022-12-22','shipped',132.94),(433,121,'2022-07-10','completed',339.95),(434,39,'2022-02-04','shipped',22.49),(435,62,'2023-02-18','completed',179.83),(436,80,'2022-03-16','shipped',393.91),(437,68,'2022-03-10','completed',1141.87),(438,68,'2022-05-29','pending',506.41),(439,67,'2023-04-11','completed',335.15),(440,115,'2023-08-19','pending',59.98),(441,55,'2023-02-09','completed',633.88),(442,34,'2023-12-17','completed',83.97),(443,89,'2023-05-18','completed',302.10),(444,29,'2022-09-13','completed',179.97),(445,124,'2022-01-09','completed',540.07),(446,72,'2023-10-20','completed',1241.47),(447,14,'2022-04-09','shipped',396.62),(448,81,'2024-04-26','completed',352.32),(449,56,'2022-10-30','completed',346.69),(450,25,'2022-09-26','refunded',718.18),(451,148,'2024-01-17','completed',77.98),(452,50,'2024-04-04','completed',429.94),(453,135,'2022-05-31','completed',236.03),(454,93,'2024-04-27','completed',1305.07),(455,63,'2022-04-06','cancelled',497.62),(456,8,'2023-07-03','completed',552.87),(457,88,'2024-03-13','cancelled',80.70),(458,7,'2023-05-07','completed',314.92),(459,77,'2022-04-08','completed',317.70),(460,119,'2022-04-17','refunded',390.42),(461,61,'2024-04-14','completed',669.91),(462,89,'2022-07-12','completed',342.41),(463,140,'2022-01-11','pending',194.97),(464,134,'2022-08-19','completed',444.51),(465,124,'2024-05-26','refunded',270.91),(466,130,'2023-11-09','completed',352.89),(467,31,'2023-08-05','shipped',610.88),(468,143,'2022-07-29','completed',421.93),(469,89,'2023-03-02','cancelled',200.46),(470,49,'2022-04-26','completed',749.95),(471,132,'2023-01-15','completed',855.89),(472,86,'2024-04-25','completed',313.43),(473,134,'2023-01-19','shipped',564.92),(474,77,'2023-11-02','completed',84.12),(475,41,'2022-08-15','completed',153.45),(476,50,'2023-08-30','shipped',125.97),(477,61,'2023-07-29','completed',49.99),(478,50,'2023-02-11','refunded',109.95),(479,74,'2023-06-02','shipped',849.88),(480,74,'2023-05-22','pending',273.82),(481,107,'2023-03-26','shipped',37.38),(482,66,'2023-08-31','completed',177.44),(483,58,'2022-09-17','cancelled',379.94),(484,13,'2023-05-17','pending',463.90),(485,103,'2024-05-14','refunded',39.58),(486,3,'2024-02-20','completed',109.95),(487,121,'2022-08-25','cancelled',149.95),(488,142,'2022-08-27','refunded',558.90),(489,131,'2024-05-30','pending',126.47),(490,94,'2023-02-19','cancelled',1175.90),(491,66,'2024-06-04','shipped',224.14),(492,36,'2022-07-18','completed',336.43),(493,138,'2023-01-24','refunded',267.92),(494,134,'2023-12-08','completed',194.97),(495,116,'2024-06-08','completed',131.35),(496,45,'2023-07-25','refunded',489.90),(497,76,'2022-04-20','completed',1167.37),(498,106,'2023-09-07','cancelled',459.92),(499,142,'2023-12-27','refunded',649.41),(500,135,'2023-08-11','refunded',27.99);
/*!40000 ALTER TABLE `orders` ENABLE KEYS */;
UNLOCK TABLES;

--
-- Table structure for table `products`
--

DROP TABLE IF EXISTS `products`;
/*!40101 SET @saved_cs_client     = @@character_set_client */;
/*!50503 SET character_set_client = utf8mb4 */;
CREATE TABLE `products` (
  `product_id` int NOT NULL,
  `product_name` varchar(100) DEFAULT NULL,
  `category` varchar(50) DEFAULT NULL,
  `cost_price` decimal(10,2) DEFAULT NULL,
  `retail_price` decimal(10,2) DEFAULT NULL,
  PRIMARY KEY (`product_id`)
) ENGINE=InnoDB DEFAULT CHARSET=utf8mb4 COLLATE=utf8mb4_0900_ai_ci;
/*!40101 SET character_set_client = @saved_cs_client */;

--
-- Dumping data for table `products`
--

LOCK TABLES `products` WRITE;
/*!40000 ALTER TABLE `products` DISABLE KEYS */;
INSERT INTO `products` VALUES (1,'Wireless Headphones','Electronics',45.00,149.99),(2,'Running Shoes','Footwear',32.00,89.99),(3,'Coffee Maker','Kitchen',28.00,79.99),(4,'Yoga Mat','Fitness',12.00,34.99),(5,'Laptop Stand','Electronics',18.00,49.99),(6,'Phone Case','Accessories',5.00,19.99),(7,'Desk Lamp','Home',15.00,44.99),(8,'Water Bottle','Fitness',8.00,24.99),(9,'Backpack','Travel',25.00,69.99),(10,'Sunglasses','Accessories',14.00,39.99),(11,'Bluetooth Speaker','Electronics',30.00,89.99),(12,'Smart Watch','Electronics',80.00,249.99),(13,'Resistance Bands','Fitness',6.00,18.99),(14,'Kitchen Scale','Kitchen',10.00,29.99),(15,'Travel Pillow','Travel',9.00,27.99),(16,'Denim Jacket','Apparel',22.00,64.99),(17,'Canvas Sneakers','Footwear',18.00,54.99),(18,'Desk Organizer','Home',11.00,32.99),(19,'Protein Shaker','Fitness',7.00,21.99),(20,'Portable Charger','Electronics',20.00,59.99);
/*!40000 ALTER TABLE `products` ENABLE KEYS */;
UNLOCK TABLES;
/*!40103 SET TIME_ZONE=@OLD_TIME_ZONE */;

/*!40101 SET SQL_MODE=@OLD_SQL_MODE */;
/*!40014 SET FOREIGN_KEY_CHECKS=@OLD_FOREIGN_KEY_CHECKS */;
/*!40014 SET UNIQUE_CHECKS=@OLD_UNIQUE_CHECKS */;
/*!40101 SET CHARACTER_SET_CLIENT=@OLD_CHARACTER_SET_CLIENT */;
/*!40101 SET CHARACTER_SET_RESULTS=@OLD_CHARACTER_SET_RESULTS */;
/*!40101 SET COLLATION_CONNECTION=@OLD_COLLATION_CONNECTION */;
/*!40111 SET SQL_NOTES=@OLD_SQL_NOTES */;

-- Dump completed on 2026-06-15 11:45:23
